A brown dog and a grey dog are fighting in the snow,एक भूरा कुत्ता और एक भूरा कुत्ता बर्फ में लड़ रहे हैं
A woman in a white dress and a woman in a blue dress are standing on a stage,सफेद पोशाक में एक महिला और नीले रंग की पोशाक में एक महिला मंच पर खड़ी है
There is no man playing two keyboards,कोई आदमी दो कीबोर्ड नहीं बजा रहा है
There is no person cutting some ginger,अदरक काटने वाला कोई नहीं है
You are screwed.,तुमने बहुत बड़ी गलती कर दी है।
This is a man-made language.,यह मानव निर्मित भाषा है।
which singer do you like?,आपको कौन सा गायक पसंद है?
Kraft sold Celestial Seasonings.,क्राफ्ट ने सेलेस्टियल सीज़निंग बेची।
Anna Politkovskaya was murdered.,अन्ना पोलितकोवस्काया की हत्या कर दी गई थी।
Alfred Nobel is the inventor of dynamite.,डायनामाइट के आविष्कारक अल्फ्रेड नोबेल हैं।
The yakuza are the Japanese mafia.,याकूब जापानी माफिया हैं।
Russia fears the system.,रूस व्यवस्था से डरता है।
Bountiful reached San Francisco on 1 November 1945.,1 नवंबर 1945 को बाउंटीफुल सैन फ्रांसिस्को पहुंचे।
Pierce lives near Rossville Blvd.,पियर्स रॉसविले बुलेवार्ड के पास रहता है।
Yunus founded the Grameen Bank 30 years ago.,यूनुस ने 30 साल पहले ग्रामीण बैंक की स्थापना की थी।
Maria has long hair.,मारिया के लंबे बाल हैं।
How slow you are!,तुम कितने धीमे हो!
The astronauts went up to the moon in a rocket.,अंतरिक्ष यात्री एक रॉकेट में चंद्रमा पर गए।
We stood at the door and waited.,हम दरवाजे पर खड़े होकर इंतजार करने लगे।
Bob is popular at school.,बॉब स्कूल में लोकप्रिय है।
Bill was killed by an intruder.,बिल एक घुसपैठिए द्वारा मारा गया था।
It took me two hours to memorize this sentence.,इस वाक्य को याद करने में मुझे दो घंटे लगे।
Whose is this camera?,यह कैमरा किसका है?
I'm calling because I've lost my credit card.,मैं फोन कर रहा हूं क्योंकि मेरा क्रेडिट कार्ड खो गया है।
Let's have sushi.,चलो सुशी है।
The dog attacked the little boy.,कुत्ते ने छोटे लड़के पर हमला कर दिया।
Think about it.,इसके बारे में सोचो।
I like the actor.,मुझे अभिनेता पसंद है।
I gave it to my mommy.,मैंने इसे अपनी माँ को दिया।
I bought a few eggs and a little milk.,मैंने कुछ अंडे और थोड़ा दूध खरीदा।
My uncle bought me this book.,मेरे चाचा ने मुझे यह किताब खरीदी।
I'll buy a new one.,मैं एक नया खरीदूंगा।
It's nice.,यह अच्छा है।
His brother was nasty to me.,उसका भाई मेरे लिए बुरा था।
He's not like us.,वह हमारे जैसा नहीं है।
He's much younger than Tom.,वह टॉम से बहुत छोटा है।
He can swim.,वह तैर सकता है।
He is a head taller than me.,वह मुझसे लंबा सिर है।
She waved good-bye to me.,उसने मुझे अलविदा कहा।
She used to play tennis every Sunday.,वह हर रविवार को टेनिस खेलती थी।
Oil has been discovered under the North Sea.,उत्तरी सागर के नीचे तेल की खोज की गई है।
Who is he?,वह कौन है?
I don't remember your name.,मुझे आपका नाम याद नहीं है।
I threw up.,मैंने फेंका।
I want to pay with a check.,मैं चेक से भुगतान करना चाहता हूं।
She has three brothers.,उसके तीन भाई हैं।
The customer is always right.,ग्राहक हमेशा सही होता है।
One plus two is equal to three.,एक जमा दो तीन के बराबर होता है।
Nice suit.,बढ़िया सूट।
The book is big.,किताब बड़ी है।
I have to hurry!,मुझे जल्दी है!
This is the woman whose cars were stolen.,यह वह महिला है जिसकी कार चोरी हो गई थी।
Where are the parking metres?,पार्किंग मीटर कहां हैं?
He is opening the window.,वह खिड़की खोल रहा है।
My parents come from China.,मेरे माता-पिता चीन से आते हैं।
I won the gold medal.,मैंने स्वर्ण पदक जीता।
What a beautiful rainbow!,कितना सुंदर इंद्रधनुष है!
The garden was full of beautiful yellow flowers.,बगीचा सुंदर पीले फूलों से भरा हुआ था।
She is the Prime Minister of Finland.,वह फिनलैंड की प्रधानमंत्री हैं।
My mother told me to mow the lawn.,मेरी माँ ने मुझे लॉन घास काटने के लिए कहा था।
Tom used a toothpick.,टॉम ने टूथपिक का इस्तेमाल किया।
I love Natasha.,मुझे नताशा से प्यार है।
This is nonsense.,यह बकवास है।
I don't want pizza.,मुझे पिज्जा नहीं चाहिए।
I'm not hungry.,मुझे भूख नहीं है।
Do seedless watermelons exist?,क्या बीज रहित तरबूज मौजूद हैं?
I lost my key.,मेरी चाबी खो गई।
If you don't like it then you can quit.,अगर आपको यह पसंद नहीं है तो आप छोड़ सकते हैं।
That guy is completely nuts!,वह आदमी बिल्कुल पागल है!
I'm sleepy!,मुझे नींद आ रही है!
The data network is now complete.,डेटा नेटवर्क अब पूरा हो गया है।
The shooting had ceased.,शूटिंग बंद हो गई थी।
Kerensky has fled.,केरेन्स्की भाग गया।
The boy-scouts jeered and scuttled into the building.,लड़के-स्काउट्स ने इमारत में ठहाका लगाया और चिल्लाया।
Five rings,पांच अंगूठियां
In 1922,1922 में
Kohl announced economy measures,कोहल ने आर्थिक उपायों की घोषणा की
Both have been arrested already.,दोनों को पहले ही गिरफ्तार किया जा चुका है।
Both were silent.,दोनों चुप थे।
What is the height of the tallest redwood?,सबसे ऊंचे रेडवुड की ऊंचाई कितनी है?
"Who directed the film ""Fail Safe""?","फिल्म ""फेल सेफ"" का निर्देशन किसने किया?"
What roller coaster is the fastest in the world?,दुनिया में सबसे तेज कौन सा रोलर कोस्टर है?
How tall is Mike Tyson?,माइक टायसन कितना लंबा है
How many people in U.S. do not have health insurance?,अमेरिका में कितने लोगों के पास स्वास्थ्य बीमा नहीं है?
How did Jerry Garcia die?,जैरी गार्सिया की मृत्यु कैसे हुई?
I'm bored right now.,मैं अभी ऊब गया हूँ।
They were satisfied.,वे संतुष्ट थे।
Tom shrugged his shoulders.,टॉम ने अपने कंधे उचका दिए।
Corsairfly is an airline based in Paris.,Corsairfly पेरिस में स्थित एक एयरलाइन है।
Tom is a fakir.,टॉम एक फकीर है।
He is out now.,वह अब बाहर है।
Tom wasn't wearing anything.,टॉम ने कुछ भी नहीं पहना था।
He's absent-minded.,वह अनुपस्थित-दिमाग वाला है।
Tom abhors violence.,टॉम हिंसा से घृणा करता है।
She is not a good sailor.,वह एक अच्छी नाविक नहीं है।
Everyone's eating.,सब खा रहे हैं।
This is an old letter.,यह एक पुराना पत्र है।
Tom is rinsing the dishes.,टॉम बर्तन धो रहा है।
Will Tom die?,क्या टॉम मर जाएगा?
The house has burnt down.,घर जल कर राख हो गया है।
Tom is being silly,टॉम मूर्खतापूर्ण हो रहा है
She smoked a cigar.,उसने एक सिगार पी।
Tom is disrespectful.,टॉम अपमानजनक है।
She's brushing her hair.,वह अपने बालों को ब्रश कर रही है।
She loved Tom.,वह टॉम से प्यार करती थी।
I haven't been to Boston since 2013.,मैं 2013 से बोस्टन नहीं गया हूं।
The college was founded by Mr Smith.,कॉलेज की स्थापना मिस्टर स्मिथ ने की थी।
Something's burning.,कुछ जल रहा है।
The sun is rising.,सूरज चढ़ रहा है।
My sister isn't studying now.,मेरी बहन अभी पढ़ाई नहीं कर रही है।
Is the cat all right?,क्या बिल्ली ठीक है?
Tom doesn't know me.,टॉम मुझे नहीं जानता।
The door is opening now.,दरवाजा अब खुल रहा है।
There are rats in the kitchen.,किचन में चूहे हैं।
He is poor.,यह गरीब है।
The girl was visibly shaken after the accident.,हादसे के बाद बच्ची कांपती हुई नजर आ रही थी।
The artist is gifted.,कलाकार प्रतिभाशाली है।
Tom was thoughtful.,टॉम विचारशील था।
This is Miss Curtis.,यह मिस कर्टिस है।
Stir the paint with a stick.,एक छड़ी के साथ पेंट हिलाओ।
Is the phone ringing?,फोन बज रहा है?
I have a big dog.,मेरे पास एक बड़ा कुत्ता है।
You're a workaholic.,आप वर्कहॉलिक हैं।
Yesterday I went to the opera.,कल मैं ओपेरा में गया था।
He is a plucky guy.,वह एक फुर्तीला आदमी है।
How's Tom's cold?,टॉम की ठंड कैसी है?
I deserve an explanation.,मैं स्पष्टीकरण का पात्र हूं।
Mary just left.,मैरी अभी चली गई।
I will not lie to her.,मैं उससे झूठ नहीं बोलूंगा।
I needed money.,मुझे पैसे चाहिए थे।
She ate her dinner.,उसने अपना खाना खा लिया।
The game excited lots of people.,इस खेल ने बहुत से लोगों को उत्साहित किया।
The boy fanned himself with his hat.,लड़के ने अपनी टोपी से खुद को पंखा किया।
Everyone wants that.,हर कोई यही चाहता है।
Coffee will be served after the meal.,भोजन के बाद कॉफी परोसी जाएगी।
She has two thousand books.,उनके पास दो हजार किताबें हैं।
He is leaving Chicago tomorrow.,वह कल शिकागो जा रहे हैं।
Everybody except Joe went to the party.,जो को छोड़कर सभी लोग पार्टी में गए।
He is spinning wool.,वह ऊन कताई कर रहा है।
I'm very lazy.,मैं बहुत आलसी हूँ।
Some people might assume that.,कुछ लोग ऐसा मान सकते हैं।
Mr Wood was like a father to Tony.,मिस्टर वुड टोनी के पिता के समान थे।
Packing sucks.,पैकिंग बेकार है।
How heavy you are!,तुम कितने भारी हो!
That story is a famous one that everyone knows.,वह कहानी एक प्रसिद्ध है जिसे हर कोई जानता है।
Tom works for an oil company.,टॉम एक तेल कंपनी में काम करता है।
He is studying agriculture.,वह कृषि का अध्ययन कर रहा है।
Tom carefully wiped his fingerprints off the knife.,टॉम ने चाकू से अपनी उंगलियों के निशान सावधानी से मिटा दिए।
Your jokes aren't funny.,आपके चुटकुले मजाकिया नहीं हैं।
That kind of remark does not befit you.,इस तरह की टिप्पणी आपको शोभा नहीं देती।
I'd better drive you home.,बेहतर होगा कि मैं तुम्हें घर चला दूं।
His stupidity is abysmal.,उसकी मूर्खता लाजवाब है।
Tom didn't find it.,टॉम नहीं मिला।
Tom and Mary detest each other.,टॉम और मैरी एक दूसरे से घृणा करते हैं।
He is no less diligent than she.,वह उससे कम मेहनती नहीं हैं।
Tom was hurt.,टॉम को चोट लगी थी।
I took the elevator to the third floor.,मैं लिफ्ट से तीसरी मंजिल पर गया।
I think Tom is normal.,मुझे लगता है कि टॉम सामान्य है।
My brother is rich.,मेरा भाई अमीर है।
He drives me crazy.,वह मुझे पागल कर देता है।
Tom is a common name.,टॉम एक सामान्य नाम है।
My plan worked.,मेरी योजना काम कर गई।
She sang a song.,उसने एक गाना गाया।
The alarm didn't wake Tom.,अलार्म ने टॉम को नहीं जगाया।
Tom was sweating.,टॉम पसीना बहा रहा था।
Tom says he's busy.,टॉम कहता है कि वह व्यस्त है।
I have lost my pencil.,मैंने अपनी पेंसिल खो दी है।
I have got into Hyogo University.,मैंने ह्योगो विश्वविद्यालय में प्रवेश लिया है।
His sister is not going to America.,उसकी बहन अमेरिका नहीं जा रही है।
She picked up a coin.,उसने एक सिक्का उठाया।
I needed it.,मुझे यह चाहिए था।
This is creepy.,यह डरावना है।
I phoned.,मैने फोन किया।
Tom's eating.,टॉम खा रहा है।
The skier suffered a head trauma.,स्कीयर के सिर में चोट आई है।
She joined us.,वह हमसे जुड़ गई।
What a lot of books! Do they belong to the university library?,कितनी किताबें हैं! क्या वे विश्वविद्यालय पुस्तकालय से संबंधित हैं?
I supported him.,मैंने उसका समर्थन किया।
I'm not creative.,मैं रचनात्मक नहीं हूं।
Mary is snoring.,मैरी खर्राटे ले रही है।
Tom seems conceited.,टॉम अभिमानी लगता है।
I was very good.,मैं बहुत अच्छा था।
She dialled the number.,उसने नंबर डायल किया।
The leaves fell to the earth.,पत्तियाँ धरती पर गिर पड़ीं।
Tom is wet.,टॉम गीला है।
Tom played with his dog.,टॉम अपने कुत्ते के साथ खेला।
He needs assistants.,उसे सहायकों की जरूरत है।
You lied to me!,आपने मुझसे झूठ बोला!
That doesn't regard you at all.,यह आपको बिल्कुल नहीं मानता।
It's clean.,यह साफ है।
Ten prisoners broke out of jail.,दस कैदी जेल से बाहर निकले।
My watch may be one or two minutes fast.,मेरी घड़ी एक या दो मिनट तेज हो सकती है।
The cube root of twenty-seven is three.,सत्ताईस का घनमूल तीन होता है।
Tom is extremely gullible.,टॉम बेहद भोला है।
I know that John is honest.,मुझे पता है कि जॉन ईमानदार है।
Who won?,कौन जीता?
Tom has never been skiing.,टॉम कभी स्कीइंग नहीं किया।
Did Tom try?,क्या टॉम ने कोशिश की?
Tom is grinning.,टॉम मुस्कुरा रहा है।
All the passengers died,सभी यात्रियों की मौत
The method was too expensive to be practical.,व्यावहारिक होने के लिए विधि बहुत महंगी थी।
I've never been to Paris.,मैं कभी पेरिस नहीं गया।
Ken wasn't running.,केन नहीं चल रहा था।
I ate.,मैं खाता तो हूँ।
The girls reveled in dancing.,छात्राओं ने जमकर डांस किया।
She graduated from Kobe University.,उन्होंने कोबे यूनिवर्सिटी से ग्रेजुएशन किया है।
Tom laid his racket on the ground.,टॉम ने अपना रैकेट जमीन पर रख दिया।
I can't open this bottle.,मैं यह बोतल नहीं खोल सकता।
You have a very good voice.,आपकी आवाज बहुत अच्छी है।
He is rich,वह धनी है
Mary misled me.,मैरी ने मुझे गुमराह किया।
I hope Tom agrees.,मुझे आशा है कि टॉम सहमत हैं।
We use really state-of-the-art equipment.,हम वास्तव में अत्याधुनिक उपकरणों का उपयोग करते हैं।
With whom are you eating dinner?,आप किसके साथ रात का खाना खा रहे हैं?
The storm abated.,तूफान थम गया।
He's watching the Olympics.,वह ओलंपिक देख रहा है।
My watch says 2:30.,मेरी घड़ी 2:30 कहती है।
Everybody hates me.,सब लोग मुझसे नफरत करते है।
I'm a genius.,मैं बहुत बुद्धिमान हूं।
He lives in the city.,वह शहर में रहता है।
The storm let up.,तूफान ने छोड़ दिया।
The buds began to open.,कलियाँ खुलने लगीं।
There are many islands in Greece.,ग्रीस में कई द्वीप हैं।
The blast destroyed everything.,विस्फोट ने सब कुछ तबाह कर दिया।
I wasn't prepared.,मैं तैयार नहीं था।
Tom is not dead.,टॉम मरा नहीं है।
The doll lay on the floor.,गुड़िया फर्श पर पड़ी थी।
I do not like science.,मुझे विज्ञान पसंद नहीं है।
He's Argentinian.,वह अर्जेंटीना है।
How's the dog?,कुत्ता कैसा है?
Tom left at midnight.,टॉम आधी रात को चला गया।
I am in Russia.,मैं रूस में हूं।
I was having dinner with Tom.,मैं टॉम के साथ डिनर कर रहा था।
Fish surface for air.,हवा के लिए मछली की सतह।
Tom saw a mouse.,टॉम ने एक चूहा देखा।
I like my teachers.,मुझे अपने शिक्षक पसंद हैं।
Tom laughs a lot.,टॉम बहुत हंसता है।
The apple is not green.,सेब हरा नहीं है।
We volunteered.,हमने स्वेच्छा से।
Tom drives a truck and his wife drives a station wagon.,टॉम एक ट्रक चलाता है और उसकी पत्नी एक स्टेशन वैगन चलाती है।
That's obvious.,ज़ाहिर सी बात है।
These are perfect.,ये परिपूर्ण हैं।
You lied to us,आपने हमसे झूठ बोला
What a jungle!,क्या जंगल है!
He gave in.,उन्होंने अंदर दिया।
Whoever is born in Austria,जो कोई भी ऑस्ट्रिया में पैदा हुआ है
Tom visited us yesterday.,टॉम कल हमसे मिलने आया था।
Tom took part in the race.,टॉम ने दौड़ में हिस्सा लिया।
I'm drunk.,मैं नशे में हूँ।
Tom dreamed of her often.,टॉम अक्सर उसका सपना देखता था।
She has kept a diary for 3 years.,उसने 3 साल से एक डायरी रखी है।
He needed money.,उसे पैसे की जरूरत थी।
I need some.,मुझे कुछ।
Tom is manipulative.,टॉम जोड़ तोड़ है।
Everything is new.,सब कुछ नया है।
Tom didn't answer all the questions.,टॉम ने सभी सवालों का जवाब नहीं दिया।
Tom is eavesdropping.,टॉम सुन रहा है।
Are you lucky?,क्या आप भाग्यशाली हैं?
Are they live?,क्या वे जीवित हैं?
Tom is drowning!,टॉम डूब रहा है!
My friend invited me to dinner at the restaurant.,मेरे दोस्त ने मुझे रेस्तरां में रात के खाने पर आमंत्रित किया।
I hope she's all right.,मुझे आशा है कि वह ठीक है।
She caused this.,उसने इसका कारण बना।
Mary broke up with me.,मैरी ने मेरे साथ संबंध तोड़ लिया।
Why are you shouting?,तुम चिल्ला क्यों रहे हो?
He is gay.,वह समलैंगिक है।
We found it.,हमने यह पाया।
Tom draws well.,टॉम अच्छी तरह से खींचता है।
She did not read the book.,उसने किताब नहीं पढ़ी।
Tom and Mary stopped hugging.,टॉम और मैरी ने गले लगाना बंद कर दिया।
His dog ran in the yard.,उसका कुत्ता यार्ड में दौड़ा।
I went fishing.,मुझे मछली पकड़नी थी।
Do you prefer Belgian or German beer?,क्या आप बेल्जियम या जर्मन बियर पसंद करते हैं?
Tom is ready.,टॉम तैयार है।
Tom drives slowly.,टॉम धीरे-धीरे ड्राइव करता है।
How much did the glasses cost?,चश्मे की कीमत कितनी थी?
My grandmother passed away.,मेरी दादी का निधन हो गया।
Eight plus two is ten.,आठ जमा दो दस है।
Tom was excited.,टॉम उत्साहित था।
Somebody's at the front door.,कोई सामने के दरवाजे पर है।
Tom's house is easy to find.,टॉम का घर ढूंढना आसान है।
Tom spent several hours in the library.,टॉम ने पुस्तकालय में कई घंटे बिताए।
Tom has bought a house which has six rooms.,टॉम ने एक घर खरीदा है जिसमें छह कमरे हैं।
I am spreading mustard on a slice of bread.,मैं रोटी के एक टुकड़े पर राई फैला रहा हूँ।
These cups are all broken.,ये सारे प्याले टूटे हुए हैं।
I'm 17,मैं 17 का हूं
She crawled out of bed.,वह बिस्तर से रेंग कर उठी।
Tycho Brahe benefited greatly from King Fredrik's generous support.,राजा फ्रेड्रिक के उदार समर्थन से टाइको ब्राहे को बहुत लाभ हुआ।
Tom is courteous.,टॉम विनम्र है।
He is writing a letter.,वह एक पत्र लिख रही है।
I eat a banana.,मैं एक केला खाता हूं।
Keisuke is taller than me.,कीसुके मुझसे लंबा है।
Is Haruki Murakami popular in Vietnam as well?,क्या हारुकी मुराकामी वियतनाम में भी लोकप्रिय है?
Alas!,काश!
Tom is as tall as his father.,टॉम अपने पिता जितना लंबा है।
Klava oversimplifies everything.,क्लावा हर चीज की देखरेख करता है।
I can't talk now.,मैं अभी बात नहीं कर सकता।
Tom has a Swiss bank account.,टॉम का स्विस बैंक खाता है।
This story doesn't have a happy ending.,इस कहानी का सुखद अंत नहीं है।
This is impossible!,यह असंभव है!
Tom's paralyzed.,टॉम लकवाग्रस्त है।
I've been stung by a hornet.,मुझे एक हॉर्नेट ने काट लिया है।
Tom failed because he didn't study.,टॉम फेल हो गया क्योंकि उसने पढ़ाई नहीं की।
Tom got sick.,टॉम बीमार हो गया।
What's your favorite commercial?,आपका पसंदीदा विज्ञापन क्या है?
Tom lowered the bucket into the well.,टॉम ने बाल्टी को कुएं में उतारा।
He's the oldest son.,वह सबसे बड़ा बेटा है।
I'm nervous now.,मैं अब नर्वस हूं।
He reached for the pistol.,पिस्टल लेने पहुंचे।
Sally is two years older than Ken.,सैली केन से दो साल बड़ी है।
But nobody believed her.,लेकिन किसी ने उसकी बात पर विश्वास नहीं किया।
I love Italian food.,मुझे इटालियन भोजन पसंद है।
Tom is still uncertain.,टॉम अभी भी अनिश्चित है।
My family is very proud of me.,मेरे परिवार को मुझ पर बहुत गर्व है।
Tom is as fast as a leopard.,टॉम तेंदुए की तरह तेज है।
She loves to cook.,वह खाना बनाना पसंद करती है।
If the text doesn't make sense,यदि पाठ का कोई अर्थ नहीं है
The serpent tempted Eve.,सर्प ने हव्वा को बहकाया।
Tom can't speak French. Tom can't speak Spanish either.,टॉम फ्रेंच नहीं बोल सकता। टॉम स्पेनिश भी नहीं बोल सकता।
Mary wants to paint her car bright blue.,मैरी अपनी कार को चमकीले नीले रंग में रंगना चाहती है।
I never lie.,मैं कभी झूठ नहीं बोलती।
That politician is an old fox.,वह राजनेता एक बूढ़ा लोमड़ी है।
We are dozing off.,हम झपकी ले रहे हैं।
The cat is watching the fish.,बिल्ली मछली देख रही है।
A decapitated body was on the coroner's table.,कोरोनर की मेज पर एक क्षत-विक्षत शव पड़ा था।
Many a man has predicted it.,कई लोगों ने इसकी भविष्यवाणी की है।
Tom is the one we want.,टॉम वह है जिसे हम चाहते हैं।
He jumped into the train.,वह ट्रेन में कूद गया।
Sachiko is more popular than Judy.,साचिको जूडी से ज्यादा लोकप्रिय है।
Both roads lead to the station.,दोनों सड़कें स्टेशन की ओर जाती हैं।
She found one.,उसने एक पाया।
My son will take over the job.,मेरा बेटा काम संभालेगा।
Speak clear.,साफ बोलो।
These shoes are a little loose.,ये जूते थोड़े ढीले हैं।
I can't understand this table.,मैं इस तालिका को नहीं समझ सकता।
This is a map of the city of Sendai.,यह सेंदाई शहर का नक्शा है।
Tom was carrying a bucket of water.,टॉम पानी की बाल्टी लेकर जा रहा था।
I was crying.,मैं रो रहा था।
We're very happy with the results.,हम परिणामों से बहुत खुश हैं।
I'm really fed up with this heat.,मैं वास्तव में इस गर्मी से तंग आ चुका हूं।
Man has been writing for about 6000 years.,मनुष्य लगभग 6000 वर्षों से लिख रहा है।
She acknowledged her mistake.,उसने अपनी गलती मानी।
A lot of insects are chirping in the field.,खेत में बहुत सारे कीड़े चहक रहे हैं।
I'm a volleyball player.,मैं वॉलीबॉल खिलाड़ी हूं।
My mother made me a sweater.,मेरी माँ ने मुझे स्वेटर बनाया।
You are not watching TV now.,आप अभी टीवी नहीं देख रहे हैं।
This is exciting.,यह रोमाँचक है।
The pie is fresh.,पाई ताजा है।
Mary is watering the garden.,मैरी बगीचे में पानी भर रही है।
He played the piano and she sang.,उसने पियानो बजाया और उसने गाया।
You hugged Mary.,आपने मैरी को गले लगाया।
We saw the monkey at the zoo.,हमने बंदर को चिड़ियाघर में देखा।
I'll hang my coat up behind the door.,मैं अपना कोट दरवाजे के पीछे लटका दूंगा।
He called his mother up from the airport.,उसने एयरपोर्ट से अपनी मां को फोन किया।
There are over 800,800 . से अधिक हैं
I was expelled from school.,मुझे स्कूल से निकाल दिया गया।
Despite their great wealth,अपनी अपार दौलत के बावजूद
Tom started walking.,टॉम चलने लगा।
He has read War and Peace 15 times.,उन्होंने युद्ध और शांति को 15 बार पढ़ा है।
He gave me some money.,उसने मुझे कुछ पैसे दिए।
All of us were surprised at the news.,इस खबर से हम सभी हैरान रह गए।
The rain is letting up.,बारिश दे रही है।
I'll miss you too.,मुझे भी तुम्हारी बहुत याद आएगी।
I am counting on your help.,मैं आपकी मदद पर भरोसा कर रहा हूं।
Tom is extremely fit.,टॉम बेहद फिट हैं।
Tom's plan actually worked.,टॉम की योजना वास्तव में काम कर गई।
He's shorter than his father.,वह अपने पिता से छोटा है।
I want it now!,मुझे ये अभी चाहिए!
Emily is crying.,एमिली रो रही है।
I borrowed Tom's car.,मैंने टॉम की कार उधार ली।
I brought wine.,मैं शराब लाया।
This train leaves at nine o'clock.,यह ट्रेन नौ बजे निकलती है।
Tom's speech was good.,टॉम का भाषण अच्छा था।
Tom ripped you off.,टॉम ने तुम्हें चीर दिया।
I have been to America twice.,मैं दो बार अमेरिका जा चुका हूं।
Tom picked the diamond up and looked at it.,टॉम ने हीरा उठाया और उसकी ओर देखा।
He came back at 5 o'clock.,वह 5 बजे वापस आया।
My bedroom is crawling with spiders.,मेरा शयनकक्ष मकड़ियों से रेंग रहा है।
Tom is very polite.,टॉम बहुत विनम्र है।
He's good.,वह अच्छा है।
Maybe Tom killed himself.,शायद टॉम ने खुद को मार डाला।
She's cleaning the book.,वह किताब साफ कर रही है।
There are plenty of fish in this river.,इस नदी में बहुत सारी मछलियाँ हैं।
Tom was praying.,टॉम प्रार्थना कर रहा था।
The doctor told Tom that he should eat a lot of vegetables.,डॉक्टर ने टॉम से कहा कि उसे ढेर सारी सब्जियां खानी चाहिए।
He saw a small Band-Aid on her left knee.,उसने उसके बाएं घुटने पर एक छोटा सा बैंड-एड देखा।
She won a phone.,उसने एक फोन जीता।
I am engaged to her.,मैं उससे जुड़ा हुआ हूं।
I was afraid.,मैं डर गया था।
Tom isn't winning.,टॉम जीत नहीं रहा है।
The suit's made of very rough material.,सूट बहुत ही रफ मैटेरियल से बना है।
Warn Tom.,टॉम को चेतावनी दें।
Somebody catch that man!,कोई उस आदमी को पकड़ ले!
Tom is amused.,टॉम खुश है।
Are those yours?,क्या वो आपके हैं?
I always get up at 6 o'clock in the morning.,मैं हमेशा सुबह 6 बजे उठता हूं।
The price rose.,कीमत बढ़ी।
Tom threw Mary a rope.,टॉम ने मैरी को एक रस्सी फेंकी।
This tour is going to be amazing!,यह दौरा अद्भुत होने वाला है!
You can buy stamps at any post office.,आप किसी भी डाकघर से टिकट खरीद सकते हैं।
Tom's eyes are red,टॉम की आंखें लाल हैं
Tom's cooking breakfast.,टॉम का खाना पकाने का नाश्ता।
We played on the banks of the Thames.,हम टेम्स के किनारे खेले।
Tom handed Mary a glass of red wine.,टॉम ने मैरी को रेड वाइन का गिलास दिया।
We were right.,हम सही थे।
There are many birds in this park.,इस पार्क में कई पक्षी हैं।
This is personal.,यह व्यक्तिगत है।
Tom is angry now.,टॉम अब गुस्से में है।
We rented a canoe.,हमने एक डोंगी किराए पर ली।
I didn't murder anyone.,मैंने किसी की हत्या नहीं की।
I am saving up so that I can go to Australia.,मैं बचत कर रहा हूं ताकि मैं ऑस्ट्रेलिया जा सकूं।
I like bright colors.,मुझे चमकीले रंग पसंद हैं।
I agree.,मैं सहमत हूं।
Tom loves tulips.,टॉम को ट्यूलिप बहुत पसंद है।
I love thick,मैं मोटा प्यार करता हूँ
Tom honked the horn.,टॉम ने हॉर्न बजाया।
He's a terrible driver.,वह एक भयानक ड्राइवर है।
She fled Australia.,वह ऑस्ट्रेलिया भाग गई।
I'm exhausted.,मैं थक गया हूँ।
The conference drew 150 diplomats.,सम्मेलन ने 150 राजनयिकों को आकर्षित किया।
Tom loved all of us.,टॉम हम सभी से प्यार करता था।
Tom twisted the truth.,टॉम ने सच्चाई को तोड़ दिया।
I admire his talent.,मैं उनकी प्रतिभा की प्रशंसा करता हूं।
The monkey escaped from its cage.,बंदर अपने पिंजरे से भाग निकला।
A animal is grazing in a field,एक जानवर एक खेत में चर रहा है
A dog is licking a baby,एक कुत्ता एक बच्चे को चाट रहा है
A man is lumping dough,एक आदमी आटा गूंथ रहा है
A man is playing a trumpet,एक आदमी तुरही बजा रहा है
A woman is playing the flute,एक महिला बांसुरी बजा रही है
A woman is slicing tofu,एक महिला टोफू काट रही है
The animal with big eyes is voraciously eating,बड़ी आँखों वाला जानवर ज़बरदस्ती खा रहा है
The man is racing for the lead,आदमी नेतृत्व के लिए दौड़ रहा है
The men are not climbing a mountain,पुरुष पहाड़ पर नहीं चढ़ रहे हैं
The woman is not picking up a baby kangaroo,महिला कंगारू बच्चे को नहीं उठा रही है
Two children are playing with a ball in the park,दो बच्चे पार्क में गेंद से खेल रहे हैं
Two people are kickboxing and spectators are watching,दो लोग किकबॉक्सिंग कर रहे हैं और दर्शक देख रहे हैं
Tony broke it.,टोनी ने इसे तोड़ दिया।
The bus stop isn't far from us.,बस स्टॉप हमसे दूर नहीं है।
Kraft sold Celestial Seasonings to Lipton in 1986.,क्राफ्ट ने 1986 में सेलेस्टियल सीज़निंग को लिप्टन को बेच दिया।
Pierce lives on E. 28th Street.,पियर्स ई. 28 स्ट्रीट पर रहता है।
Bob was very happy.,बॉब बहुत खुश हुआ।
The baby is crawling.,बच्चा रेंग रहा है।
Do you have a credit card?,क्या आपके पास क्रेडिट कार्ड है?
I bought the book for ten dollars.,मैंने दस डॉलर में किताब खरीदी।
His older brother is two years older than I.,उसका बड़ा भाई मुझसे दो साल बड़ा है।
Does he speak English?,क्या वह अंग्रेजी बोलता है?
He gave the dog a bone.,उसने कुत्ते को एक हड्डी दी।
They armed themselves with guns.,उन्होंने खुद को बंदूकों से लैस किया।
She showers every morning.,वह रोज सुबह नहाती है।
I was born on 23 March 1969 in Barcelona.,मेरा जन्म 23 मार्च 1969 को बार्सिलोना में हुआ था।
When I entered the room,जब मैंने कमरे में प्रवेश किया
Hi.,नमस्ते।
Mr. Johnson's room was a large one.,मिस्टर जॉनसन का कमरा बहुत बड़ा था।
I hate Mondays.,मैं सोमवार से नफरत करता हूं।
What kind of monkeys are those?,वे किस तरह के बंदर हैं?
Mom spread the table.,माँ ने मेज फैला दी।
He returned from China.,वह चीन से लौटा था।
That boy showed no fear.,उस लड़के ने कोई डर नहीं दिखाया।
It's very sticky.,यह बहुत चिपचिपा है।
Do you remember Mr. Saito?,क्या आपको मिस्टर सैटो याद हैं?
The default value is zero.,डिफ़ॉल्ट मान शून्य है।
I am from Portugal.,मैं पुर्तगाल से हूं।
Hello!,नमस्कार!
Both Cristina and Luis always dreamt of studying medicine.,क्रिस्टीना और लुइस दोनों हमेशा चिकित्सा का अध्ययन करने का सपना देखते थे।
He broke down all at once.,वह एक ही बार में टूट गया।
Mr Jenninger will take the witness stand on 13 May.,श्री जेनिंगर 13 मई को गवाह का स्टैंड लेंगे।
http://www.anl.siemens.de/news/press.html,http://www.anl.siemens.de/news/press.html
How many home runs did Babe Ruth hit?,बेबे रूथ ने कितने घरेलू रन बनाए?
What Liverpool club spawned the Beatles?,किस लिवरपूल क्लब ने बीटल्स को जन्म दिया?
I don't know where Tom's office is.,मुझे नहीं पता कि टॉम का कार्यालय कहाँ है।
He wants you.,बह तुम्हें चाहता है।
I'm very afraid.,मुझे बहुत डर लग रहा है।
I want to fly above the clouds.,मैं बादलों के ऊपर उड़ना चाहता हूं।
Mary called us.,मैरी ने हमें बुलाया।
You misled me.,तुमने मुझे गुमराह किया।
Only six people came to the party.,पार्टी में सिर्फ छह लोग आए।
I haven't received anything yet.,मुझे अभी तक कुछ नहीं मिला है।
Japan is to the east of China.,जापान चीन के पूर्व में है।
I won't bite.,मैं नहीं काटूंगा।
He fells trees in the mountain.,वह पहाड़ में पेड़ गिरा देता है।
The war in Iraq broke out ten years ago.,दस साल पहले इराक में युद्ध छिड़ गया था।
Everybody calls the small cat Tora.,हर कोई छोटी बिल्ली को तोरा कहता है।
I had my eyes checked.,मैंने अपनी आंखों की जांच कराई थी।
I don't like the coffee.,मुझे कॉफी पसंद नहीं है।
Tom took a picture of his dog and sent it to Mary.,टॉम ने अपने कुत्ते की एक तस्वीर ली और उसे मैरी के पास भेज दिया।
The festival is free.,त्योहार मुफ्त है।
Tom punished his children.,टॉम ने अपने बच्चों को दंडित किया।
I came at about six.,मैं करीब छह बजे आया।
I'm still thirsty.,मैं अभी भी प्यासा हूँ।
I'm the one who killed her.,मैंने ही उसे मारा है।
Tom's brilliant.,टॉम का शानदार।
Maria hid her face in her hands.,मारिया ने अपना चेहरा अपने हाथों में छिपा लिया।
Tom knows Mary lied.,टॉम जानता है कि मैरी ने झूठ बोला था।
He arrived at the station at five.,वह पांच बजे स्टेशन पहुंचे।
What kind of stone is this?,यह किस तरह का पत्थर है?
He substituted the injured player.,उन्होंने चोटिल खिलाड़ी की जगह ली।
The witch threw the toad into her cauldron.,चुड़ैल ने टॉड को उसकी कड़ाही में फेंक दिया।
Tom's house was destroyed by the hurricane.,टॉम का घर तूफान से तबाह हो गया था।
I'll put it somewhere safe.,मैं इसे कहीं सुरक्षित रख दूँगा।
I filled a vase with water.,मैंने एक फूलदान में पानी भर दिया।
She used to love him.,वह उससे प्यार करती थी।
He left the bedroom and entered the living room.,वह बेडरूम से निकल कर लिविंग रूम में आ गया।
How much does it cost him?,उसे कितना खर्च होता है?
I need to shit.,मुझे बकवास करने की जरूरत है।
The dentist pulled my bad tooth.,दंत चिकित्सक ने मेरा खराब दांत खींच लिया।
She's not a good cook.,वह अच्छी कुक नहीं है।
Tom emigrated to Australia when he was thirty.,टॉम तीस साल की उम्र में ऑस्ट्रेलिया चले गए।
The car is exceeding the speed limit.,कार गति सीमा को पार कर रही है।
Tom is timid,टॉम डरपोक है
He's a traitor.,वह देशद्रोही है।
Many peasants died during the drought.,सूखे के दौरान कई किसानों की मौत हो गई।
We're unhappy.,हम दुखी हैं।
Sue picked up a pencil off the floor.,सू ने फर्श से एक पेंसिल उठाई।
"Palestine is called ""Filastin"" in Arabic.","फिलिस्तीन को अरबी में ""फिलास्टिन"" कहा जाता है।"
The prince slew the dragon.,राजकुमार ने अजगर को मार डाला।
There were many students in the room.,कमरे में कई छात्र थे।
I write poems.,मैं कविताएँ लिखता हूँ।
Bergen is a Norwegian town.,बर्गन नॉर्वे का एक शहर है।
I think Tom is drunk.,मुझे लगता है कि टॉम नशे में है।
He is always smoking.,वह हमेशा धूम्रपान करता है।
Who did you vote for?,आपने किसे वोट दिया?
Playing go is my favorite pastime.,गो खेलना मेरा पसंदीदा शगल है।
It's not that simple.,यह इतना आसान नहीं है।
She showed her album to me.,उसने मुझे अपना एल्बम दिखाया।
None of this was your fault.,इसमें आपकी कोई गलती नहीं थी।
I have been to Europe twice.,मैं दो बार यूरोप जा चुका हूं।
What a beautiful place!,कितनी खूबसूरत जगह है!
Ted loves his wife Elizabeth.,टेड अपनी पत्नी एलिजाबेथ से प्यार करता है।
The tree stopped growing.,पेड़ बढ़ना बंद हो गया।
Millie isn't eating an apple.,मिली एक सेब नहीं खा रही है।
We exaggerated.,हमने अतिशयोक्ति की।
I can't beat Tom at chess.,मैं टॉम को शतरंज में नहीं हरा सकता।
I am wetting my handkerchief.,मैं अपना रुमाल गीला कर रहा हूँ।
I've studied Japanese for five years.,मैंने पांच साल तक जापानी का अध्ययन किया है।
The elephant was killed by the hunter.,हाथी को शिकारी ने मार डाला।
Everyone knows everyone.,सबको सब पता है।
Mrs. Baker had her purse stolen.,श्रीमती बेकर का पर्स चोरी हो गया था।
He hates me.,वह मुझसे नफरत करता है।
The pond has dried up.,तालाब सूख गया है।
The express arrives at 6:30 p.m.,एक्सप्रेस शाम 6:30 बजे आती है
Tom was a blackmailer.,टॉम एक ब्लैकमेलर था।
The Mongolian army approached the city.,मंगोलियाई सेना शहर के पास पहुंची।
My name is Paola.,मेरा नाम पाओला है।
How far is it?,कितनी दूर है?
Drops dripped.,बूंदे टपक पड़ीं।
Is Tom busy?,क्या टॉम व्यस्त है?
Tom was expelled from private school.,टॉम को निजी स्कूल से निकाल दिया गया था।
I live in Boston now.,मैं अब बोस्टन में रहता हूं।
She's very tall.,वह बहुत लंबी है।
Tom can drive now.,टॉम अब ड्राइव कर सकता है।
He put all his money in the box.,उसने अपना सारा पैसा डिब्बे में डाल दिया।
Those are nice.,वो अच्छे हैं।
I bought a new pair of glasses.,मैंने चश्मा की एक नई जोड़ी खरीदी।
I remember meeting him somewhere.,मुझे याद है उनसे कहीं मुलाकात हुई थी।
He was sharpening a knife.,वह चाकू तेज कर रहा था।
You are naughty.,आप शरारती हैं।
All the students are present.,सभी छात्र मौजूद हैं।
He comes from France.,वह फ्रांस से आता है।
I cooked dinner.,मैंने रात का खाना पकाया।
She's in Boston.,वह बोस्टन में है।
I was coughing.,मुझे खांसी आ रही थी।
My father likes strong coffee.,मेरे पिता को मजबूत कॉफी पसंद है।
It was all delicious!,यह सब स्वादिष्ट था!
I'm sick of eating fast food.,मैं फास्ट फूड खाने से बीमार हूं।
The wedding will take place on Saturday.,शादी शनिवार को होगी।
Yumi is good at playing tennis.,युमी टेनिस खेलने में अच्छी है।
I bought a hat at the store.,मैंने दुकान पर एक टोपी खरीदी।
Can I borrow the hair dryer?,क्या मैं हेयर ड्रायर उधार ले सकता हूँ?
My boss is suffering from a bad cold.,मेरे मालिक को बहुत ठंड लग रही है।
What kind of inhaler do you use?,आप किस तरह के इनहेलर का इस्तेमाल करते हैं?
I've been dreaming of this trip for a long time.,मैं इस यात्रा का लंबे समय से सपना देख रहा हूं।
That is an old castle.,वह पुराना किला है।
Daisuke climbed to the summit.,Daisuke शिखर पर चढ़ गया।
Tom has been living in Boston for three years.,टॉम तीन साल से बोस्टन में रह रहा है।
She washed a carpet.,उसने एक कालीन धोया।
Tom offered Mary a handkerchief.,टॉम ने मैरी को एक रूमाल भेंट किया।
She showed him the photo.,उसने उसे फोटो दिखाई।
Tom opened the freezer and got out the ice cream.,टॉम ने फ्रीजर खोला और आइसक्रीम निकाली।
The ticket is valid to April 29.,टिकट 29 अप्रैल तक वैध है।
Who are you insured with?,आप किसके साथ बीमाकृत हैं?
This damned computer won't work.,यह शापित कंप्यूटर काम नहीं करेगा।
The old woman exited the bus.,बुढ़िया बस से बाहर निकली।
We can't stop now.,हम अभी नहीं रुक सकते।
He cooked me dinner.,उसने मुझे रात का खाना बनाया।
Bob charged 3 dollars an hour for mowing lawns.,बॉब ने लॉन घास काटने के लिए प्रति घंटे 3 डॉलर का शुल्क लिया।
I am clearing my throat.,मैं अपना गला साफ कर रहा हूँ।
If you're tired,अगर आप थके हुए हैं
Improved medical technology has been one of the spin-offs of the space program.,उन्नत चिकित्सा प्रौद्योगिकी अंतरिक्ष कार्यक्रम के उपोत्पादों में से एक रही है।
Tom grabbed his bag.,टॉम ने उसका बैग पकड़ लिया।
Tom's dog is brown.,टॉम का कुत्ता भूरा है।
He used to love her.,वह उससे प्यार करता था।
We do not accept tips.,हम सुझावों को स्वीकार नहीं करते हैं।
The dictionary contains about half a million words.,शब्दकोश में लगभग आधा मिलियन शब्द हैं।
Tom diced the carrots and added them to the stew.,टॉम ने गाजर को काट लिया और उन्हें स्टू में डाल दिया।
I'm going to the restaurant.,मैं रेस्टोरेंट जा रहा हूँ।
I'm not hungry right now.,मुझे अभी भूख नहीं है।
It was risky.,यह जोखिम भरा था।
A dog is sensitive to smell.,कुत्ता गंध के प्रति संवेदनशील होता है।
That farm belongs to the Jackson family.,वह फार्म जैक्सन परिवार का है।
You're winning.,आप जीत रहे हैं।
I checked it twice.,मैंने इसे दो बार चेक किया।
My bag is very heavy.,मेरा बैग बहुत भारी है।
As soon as he sat down,जैसे ही वह बैठ गया
I left the cat outside the house.,मैंने बिल्ली को घर के बाहर छोड़ दिया।
Heather is a very beautiful girl.,हीदर एक बहुत ही खूबसूरत लड़की है।
Someone stole my driving licence.,किसी ने मेरा ड्राइविंग लाइसेंस चुरा लिया।
The terrorists have failed.,आतंकवादी विफल रहे हैं।
I ordered a book from London.,मैंने लंदन से एक किताब मंगवाई।
The plastic chair is cheap.,प्लास्टिक की कुर्सी सस्ती है।
Her teeth were white.,उसके दांत सफेद थे।
I made cookies.,मैंने कुकीज़ बनाईं।
I was born on April 3,मेरा जन्म 3 अप्रैल को हुआ था
I love comic books.,मुझे कॉमिक बुक्स बहुत पसंद हैं।
She has hit the jackpot once again.,उन्होंने एक बार फिर जैकपॉट हासिल किया है।
What kind of souvenirs did you buy?,आपने किस तरह के स्मृति चिन्ह खरीदे?
I ran into her in the street.,मैं गली में उसके पास भागा।
The restaurant is empty.,रेस्टोरेंट खाली है।
I wasn't flirting.,मैं छेड़खानी नहीं कर रहा था।
I love hot dogs.,मुझे हॉट डॉग पसंद हैं।
Bill tapped me on the shoulder.,बिल ने मुझे कंधे पर थपथपाया।
I can't afford to buy a laptop for my son.,मैं अपने बेटे के लिए लैपटॉप नहीं खरीद सकता।
I hate him.,मुझे उस से नफरत है।
Tom is happy now.,टॉम अब खुश है।
No one's working.,कोई काम नहीं कर रहा है।
That's a nice T-shirt.,यह एक अच्छी टी-शर्ट है।
That costs 30 euros.,जिसकी कीमत 30 यूरो है।
He is not a good driver.,वह एक अच्छा ड्राइवर नहीं है।
Everyone was hungry.,सब भूखे थे।
Liu Bei and Zhuge Liang are an unbeatable team.,लियू बेई और ज़ुगे लियांग एक अपराजेय टीम हैं।
Tom started running.,टॉम दौड़ने लगा।
I am 30 years old.,में 30 साल का हूँ।
Tom is unperturbed.,टॉम बेफिक्र है।
He bores everybody.,वह सभी को बोर करता है।
Where did you guys meet?,आप लोग कहाँ मिले थे?
There are more than 150 nations in the world.,दुनिया में 150 से अधिक राष्ट्र हैं।
Tom died three years ago.,टॉम की तीन साल पहले मौत हो गई थी।
The ship left every Monday.,जहाज हर सोमवार को रवाना होता था।
Russia rejected both demands.,रूस ने दोनों मांगों को खारिज कर दिया।
I hurt my elbow.,मेरी कोहनी में चोट लगी है।
There is a strange man at the door.,दरवाजे पर एक अजीब आदमी है।
Everyone shook hands.,सभी ने हाथ मिलाया।
I struck the wall with my fist.,मैंने अपनी मुट्ठी से दीवार पर प्रहार किया।
He smiled.,वह मुस्कराया।
I hate Justin Bieber.,मुझे जस्टिन बीबर नापसंद है।
Tom was very proud of you.,टॉम को आप पर बहुत गर्व था।
He's very knowledgeable.,वह बहुत जानकार है।
Tom pocketed the money Mary gave him.,"मैरी ने जो पैसा दिया था, टॉम ने उसे जेब में रख लिया।"
Tom doesn't live in Boston anymore.,टॉम अब बोस्टन में नहीं रहता है।
This casino is losing money.,यह कैसीनो पैसे खो रहा है.
The cat sprang at the bird.,बिल्ली चिड़िया पर उछल पड़ी।
I felt a deep pain.,मुझे गहरा दर्द महसूस हुआ।
We went on foot.,हम पैदल चले।
Tom filled both glasses with wine.,टॉम ने दोनों गिलास शराब से भर दिए।
A girl is styling her hair,एक लड़की अपने बालों को स्टाइल कर रही है
Tom asks his mother if she can but him a new toy.,टॉम अपनी माँ से पूछता है कि क्या वह उसे एक नया खिलौना दे सकती है।
This television is very heavy.,यह टेलीविजन बहुत भारी है।
Kraft sold Celestial Seasonings.,क्राफ्ट ने सेलेस्टियल सीज़निंग बेची।
9 people were assassinated by Raman Raghav.,रमन राघव ने 9 लोगों की हत्या कर दी थी।
Charles de Gaulle died in 1970.,1970 में चार्ल्स डी गॉल की मृत्यु हो गई।
Our plane was flying above the clouds.,हमारा विमान बादलों के ऊपर उड़ रहा था।
Bill is two years older than I.,बिल I से दो वर्ष बड़ा है।
John is not my brother,जॉन मेरा भाई नहीं है
I stretched out my hand for the book.,मैंने किताब के लिए हाथ बढ़ाया।
I came upon an old friend of mine on the train.,मैं ट्रेन में अपने एक पुराने दोस्त से मिला।
He speaks English and French.,वह अंग्रेजी और फ्रेंच बोलता है।
She knew that John loved her.,वह जानती थी कि जॉन उससे प्यार करता है।
She insulted him.,उसने उसका अपमान किया।
Forgive me if I haven't cooked supper well.,अगर मैंने रात का खाना ठीक से नहीं बनाया हो तो मुझे माफ़ कर देना।
Mary was kidnapped by pirates.,मैरी को समुद्री लुटेरों ने अगवा कर लिया था।
Mr. White's yard is large.,मिस्टर व्हाइट का यार्ड बड़ा है।
I just received your letter.,मुझे अभी आपका पत्र मिला है।
I was at school.,मैं विधालय में था।
Tyler Jackson has been sentenced to 18 months.,टायलर जैक्सन को 18 महीने की सजा सुनाई गई है।
The organizers expect more than 300,आयोजकों को 300 . से अधिक की उम्मीद है
Graf defeated Bradtke from Australia 6:2,ग्राफ ने ऑस्ट्रेलिया के ब्रैडके को 6:2 से हराया
But he is quiet and thoughtful,लेकिन वह शांत और विचारशील है
"Who painted ""Sunflowers""?","""सूरजमुखी"" किसने चित्रित किया?"
What city is Southwestern University in?,साउथवेस्टर्न यूनिवर्सिटी किस शहर में है?
Who is John Lennon's wife?,जॉन लेनन की पत्नी कौन है?
What company did Nicholas Brady found?,निकोलस ब्रैडी को कौन सी कंपनी मिली?
What is the first name of Nelson Mandela's wife?,नेल्सन मंडेला की पत्नी का पहला नाम क्या है?
She asked about you.,उसने तुम्हारे बारे में पूछा।
They planted apple trees.,उन्होंने सेब के पेड़ लगाए।
Tom reserved a seat.,टॉम ने एक सीट आरक्षित की।
The stadium is adjacent to the school.,स्टेडियम स्कूल से सटा हुआ है।
You're so stupid.,तुम इतने बेवकूफ़ हो।
I asked for a decaf.,मैंने एक डिकैफ़ के लिए कहा।
The lion is roaring.,शेर दहाड़ रहा है।
Beethoven wrote nine symphonies.,बीथोवेन ने नौ सिम्फनी लिखीं।
The weather is clearing up. I needn't have brought an umbrella.,मौसम साफ हो रहा है। मुझे छाता लाने की जरूरत नहीं थी।
I'm watching figure skating.,मैं फिगर स्केटिंग देख रहा हूं।
This is kind of boring.,यह एक तरह से उबाऊ है।
The train roared through the tunnel.,ट्रेन सुरंग से होकर गुज़री।
She obeys him.,वह उसकी बात मानती है।
Tom's the best.,टॉम सबसे अच्छा है।
I am from China.,मैं चीन से हूं।
Twenty-five hundred British soldiers guarded the border.,पच्चीस सौ ब्रिटिश सैनिकों ने सीमा पर पहरा दिया।
I'm never late.,मैंने कभी देरी नहीं की।
Your zipper's open.,आपका ज़िपर खुला है।
We ran out of gas in the middle of the desert.,हम रेगिस्तान के बीच में गैस से बाहर भागे।
She is by no means selfish.,वह किसी भी तरह से स्वार्थी नहीं है।
Mary works for an NGO in Africa.,मैरी अफ्रीका में एक एनजीओ के लिए काम करती हैं।
Tom misled me.,टॉम ने मुझे गुमराह किया।
I wasn't dancing!,मैं नाच नहीं रहा था!
Tom sings beautifully.,टॉम खूबसूरती से गाता है।
Everyone was killed.,सब मारे गए।
What's your favorite fast food?,आपका पसंदीदा फास्ट फूड क्या है?
Tom's strategy isn't working.,टॉम की रणनीति काम नहीं कर रही है।
I can't find the newspaper.,मुझे अखबार नहीं मिल रहा है।
With whom am I speaking?,मैं किसके साथ बोल रहा हूँ?
A cherry tree grows in a garden.,एक बगीचे में चेरी का पेड़ उगता है।
She gave him a clock.,उसने उसे एक घड़ी दी।
The horse is not white.,घोड़ा सफेद नहीं है।
We are working for you.,हम आपके लिए काम कर रहे हैं।
Terrorists blew up a bus.,आतंकवादियों ने एक बस को उड़ा दिया।
I was as cool as a cucumber.,मैं खीरे की तरह मस्त था।
He was ashamed of his ignorance.,वह अपनी अज्ञानता पर शर्मिंदा था।
He set down the telephone number.,उसने टेलीफोन नंबर सेट कर दिया।
I am taller than he.,मैं उससे लंबा हूं।
They stared at Tom.,उन्होंने टॉम को देखा।
My throat hurts.,मेरे गले में दर्द हो रहा है।
She asked me for money.,उसने मुझसे पैसे मांगे।
The prisoner was released.,कैदी को रिहा कर दिया गया।
Tom needed a hammer.,टॉम को हथौड़े की जरूरत थी।
I broke Tom's nose.,मैंने टॉम की नाक तोड़ दी।
Tom can't swim at all.,टॉम बिल्कुल तैर नहीं सकता।
Tom bought a Geiger counter.,टॉम ने एक गीजर काउंटर खरीदा।
That's absurd.,यह बेतुका है।
Tom is Mary's former husband.,टॉम मैरी के पूर्व पति हैं।
She dropped lemon juice into her tea.,उसने चाय में नींबू का रस डाला।
Who is lurking in the shadows?,कौन छाया में दुबका है?
He promised to come,उसने आने का वादा किया था
It's hidden under the bed.,यह बिस्तर के नीचे छिपा है।
Farting is rude.,फार्टिंग असभ्य है।
How many people died?,कितने लोगों की मौत हुई?
Tom won't speak to anybody.,टॉम किसी से बात नहीं करेगा।
Tom didn't break any laws.,टॉम ने कोई कानून नहीं तोड़ा।
She wants it.,वह उसे चाहती है।
It looks like a UFO.,यह एक यूएफओ की तरह दिखता है।
I'm a friend of Tom and Mary's.,मैं टॉम एंड मैरी का दोस्त हूं।
Tom isn't famous.,टॉम प्रसिद्ध नहीं है।
I drank the wine.,मैंने शराब पी ली।
Lambs are very cute.,मेमने बहुत प्यारे होते हैं।
I'm not a lesbian.,मैं लेस्बियन नहीं हूं।
He speaks five languages.,वह पांच भाषाएं बोलता है।
I do a training at Ford.,मैं फोर्ड में ट्रेनिंग करता हूं।
Maybe Tom kissed Mary.,शायद टॉम ने मैरी को चूमा।
I broke my right leg.,मेरा दाहिना पैर टूट गया।
I envy you.,मुझे तुमसे ईर्ष्या है।
Her dog isn't very fast.,उसका कुत्ता बहुत तेज़ नहीं है।
I am from Tokyo,मैं टोक्यो से हूँ
She gave him the money.,उसने उसे पैसे दिए।
There is a water mill above the bridge.,पुल के ऊपर पानी की चक्की है।
You slept with her?,तुम उसके साथ सोए हो?
Tom is studying in the library now.,टॉम अभी लाइब्रेरी में पढ़ रहा है।
A railroad was constructed in this town.,इस शहर में एक रेलमार्ग का निर्माण किया गया था।
All of us like her.,हम सब उसे पसंद करते हैं।
That was legit.,वह वैध था।
Tom is reading a novel by Sidney Sheldon now.,टॉम अब सिडनी शेल्डन का एक उपन्यास पढ़ रहा है।
I have been a teacher for 15 years.,मैं 15 साल से शिक्षक हूं।
Tom knew the answer.,टॉम को जवाब पता था।
I can't stand those kinds of people.,मैं ऐसे लोगों को बर्दाश्त नहीं कर सकता।
She divorced her husband.,उसने अपने पति को तलाक दे दिया।
The boat was tied to the shore by a cable.,नाव को केबल से किनारे से बांधा गया था।
This penguin is really cute.,यह पेंगुइन वास्तव में प्यारा है।
I'm always confusing John with Paul.,मैं हमेशा जॉन को पॉल के साथ भ्रमित करता हूं।
Tom hugged Mary.,टॉम ने मैरी को गले लगाया।
Tom has been brainwashed.,टॉम का ब्रेनवॉश किया गया है।
She has fake eyelashes.,उसकी नकली पलकें हैं।
The big white dog looks at that cat.,बड़ा सफेद कुत्ता उस बिल्ली को देखता है।
Tom is extremely motivated.,टॉम बेहद प्रेरित है।
Tom has visited Boston three times.,टॉम तीन बार बोस्टन जा चुके हैं।
She mistook me for my brother.,उसने मुझे मेरा भाई समझ लिया।
It rained three times during the trip.,यात्रा के दौरान तीन बार बारिश हुई।
I'm afraid you misunderstood me.,मुझे डर है कि तुमने मुझे गलत समझा।
He lost his favorite sweatshirt.,उसने अपनी पसंदीदा स्वेटशर्ट खो दी।
Tom and Mary played chess.,टॉम और मैरी ने शतरंज खेला।
She's kind of shy.,वह शर्मीली है।
Who talked?,किसने बात की?
Tom gave Mary plenty of money.,टॉम ने मैरी को बहुत पैसा दिया।
Tom is grilling meat.,टॉम मांस भून रहा है।
I was abducted by extraterrestrials.,मुझे अलौकिक लोगों द्वारा अपहरण कर लिया गया था।
This is more important!,यह अधिक महत्वपूर्ण है!
Whose handbag is this?,यह किसका हैंडबैग है?
Our team beat the Lions 3 to 0.,हमारी टीम ने लायंस को 3 से 0 से हराया।
Who could've broken the fishbowl?,मछली का कटोरा कौन तोड़ सकता था?
Her watch is ten minutes slow.,उसकी घड़ी दस मिनट धीमी है।
She has no brothers.,उसका कोई भाई नहीं है।
Tom took out his handkerchief and blew his nose.,टॉम ने अपना रूमाल निकाला और अपनी नाक फोड़ ली।
I suffer from asthma.,मैं अस्थमा से पीड़ित हूं।
The tines of the fork are bent.,कांटे के टीन्स मुड़े हुए हैं।
The word processor on the desk is my father's.,डेस्क पर शब्द संसाधक मेरे पिता का है।
Something was bothering him.,कुछ उसे परेशान कर रहा था।
I'm a little hungry.,मुझे थोड़ी भूख लगी है।
I understand you.,मैं तुम्हें समझता हूं।
Ken's dog is white.,केन का कुत्ता सफेद है।
What time will the flight arrive in Tokyo?,टोक्यो में फ्लाइट कितने बजे पहुंचेगी?
I hate her hat.,मुझे उसकी टोपी से नफरत है।
Give the book to whomever wants it.,जिसे चाहिए वह किताब दे दें।
I like chocolate ice cream.,मुझे चॉकलेट आइसक्रीम पसंद है।
I amused myself.,मैंने खुद का मज़ाक उड़ाया।
My father is two years younger than my mother.,मेरे पिता मेरी मां से दो साल छोटे हैं।
Tom was misbehaving.,टॉम गलत व्यवहार कर रहा था।
The famous conductor lives in New York.,प्रसिद्ध कंडक्टर न्यूयॉर्क में रहता है।
I caught three fish yesterday.,मैंने कल तीन मछलियाँ पकड़ीं।
She has been studying French for a few years.,वह कुछ वर्षों से फ्रेंच पढ़ रही है।
The thief told the police he hadn't stolen anything.,चोर ने पुलिस को बताया कि उसने कुछ भी नहीं चुराया है।
The plane took off.,विमान ने उड़ान भरी।
We're impressed.,हम प्रभावित हैं।
Hans was as pleased as Punch.,हंस पंच की तरह प्रसन्न था।
Everyone is wearing nametags.,हर कोई नेमटैग पहने हुए है।
Where's an ATM?,एटीएम कहां है?
He designed the car.,उन्होंने कार डिजाइन की।
I know where you are.,मुझे पता है तुम कहाँ हो।
Tom plays the drums as well as the organ.,टॉम ड्रम के साथ-साथ अंग भी बजाता है।
Tom is angry at you,टॉम आप पर गुस्सा है
Tom and Mary were both born in Boston.,टॉम और मैरी दोनों का जन्म बोस्टन में हुआ था।
Sadako Sasaki died on October 25,सदाको सासाकी का 25 अक्टूबर को निधन हो गया
The girl bought milk from the market.,लड़की ने बाजार से दूध खरीदा।
You are wearing your shirt inside out.,आपने अपनी शर्ट अंदर बाहर पहन रखी है।
The man chased the robber into the street.,आदमी ने लुटेरे को गली में खदेड़ दिया।
Tom knows where I work.,टॉम जानता है कि मैं कहाँ काम करता हूँ।
I'm busy now.,मैं अभी व्यस्त हूँ।
This painting by Rembrandt is a masterpiece.,रेम्ब्रांट की यह पेंटिंग एक उत्कृष्ट कृति है।
Tom is very untalented.,टॉम बहुत प्रतिभाशाली है।
I saw him three years ago.,मैंने उसे तीन साल पहले देखा था।
I wonder if he likes me.,मुझे आश्चर्य है कि क्या वह मुझे पसंद करता है।
Stop yelling. My head hurts.,चिल्लाना बंद करें। मेरे सर में दर्द है।
Mary oiled her bicycle.,मैरी ने अपनी साइकिल में तेल लगाया।
The hunter shoots stags and hares.,शिकारी हरिण और खरगोश को गोली मारता है।
The crowd applauded again.,भीड़ ने फिर तालियां बजाईं।
Tom is waiting for Mary.,टॉम मैरी की प्रतीक्षा कर रहा है।
Tom acted like a baby.,टॉम ने एक बच्चे की तरह अभिनय किया।
He's rich. He doesn't need money!,वह अमीर है। उसे पैसे की जरूरत नहीं है!
She showed me his album.,उसने मुझे अपना एल्बम दिखाया।
He was stabbed in the back.,उनकी पीठ में छुरा घोंपा गया था।
I can ride a horse.,मैं घुड़सवारी कर सकता हूँ।
The car crashed because the driver was careless.,चालक की लापरवाही के कारण कार दुर्घटनाग्रस्त हो गई।
